{
  "action_gt_func": {
    "precision": 0.0,
    "recall": 0.0,
    "f1-score": 0.0,
    "support": 1
  },
  "action_greet": {
    "precision": 1.0,
    "recall": 1.0,
    "f1-score": 1.0,
    "support": 1
  },
  "give_n_and_dob": {
    "precision": 0.0,
    "recall": 0.0,
    "f1-score": 0.0,
    "support": 1
  },
  "action_listen": {
    "precision": 0.5,
    "recall": 1.0,
    "f1-score": 0.6666666666666666,
    "support": 1
  },
  "None": {
    "precision": 0.0,
    "recall": 0.0,
    "f1-score": 0.0,
    "support": 2
  },
  "micro avg": {
    "precision": 0.6666666666666666,
    "recall": 0.3333333333333333,
    "f1-score": 0.4444444444444444,
    "support": 6
  },
  "macro avg": {
    "precision": 0.3,
    "recall": 0.4,
    "f1-score": 0.3333333333333333,
    "support": 6
  },
  "weighted avg": {
    "precision": 0.25,
    "recall": 0.3333333333333333,
    "f1-score": 0.27777777777777773,
    "support": 6
  }
}